GID,semester,ACTHIGHEST,SATHIGHEST,ACTcalc,HS_GPA,first_generation,gender,race,PELL_ELIGIBLE,CUM_GPA,CAREER_LEVEL,class,Term,Instructor,PIDM
CZA0008,Su20,28,0,28,4.12,Y,F,Caucasian / White,,,U,FR,202130,Curtiss,2462079
ANG0049,Su20,31,,31,4.34,,F,Caucasian / White,,,U,SR,202130,Curtiss,3111091
JRD0050,Su20,23,0,23,4.38,N,M,Caucasian / White,,,U,JR,202130,Curtiss,3572945
RMW0034,Su20,25,0,25,4.19,Y,F,Caucasian / White,,,U,SO,202130,Curtiss,3613848
EAD0047,Su20,0,1050,20,3.42,,F,Caucasian / White,,,U,SO,202130,Curtiss,3624337
MEB0062,Su20,21,0,21,3.41,Y,F,Caucasian / White,,,U,SO,202130,Curtiss,3673765
BAB0089,Su20,0,1300,28,4.21,N,F,Caucasian / White,,,U,FR,202130,Curtiss,3678955
AES0063,Su20,30,0,30,3.67,N,F,Hispanic,,,U,FR,202130,Curtiss,3683985
JKC0036,Su20,23,0,23,3.82,N,F,Black or African American,,,U,FR,202130,Curtiss,3687703
CSS0049,Su20,31,0,31,4.14,N,M,Asian,,,U,FR,202130,Curtiss,3695981
TPW0012,Fa20,20,0,20,3.84,Y,F,Black or African American,Pell eliglble filer,1.92,U,FR,202010,Curtiss,3697988
JBP0055,Fa20,33,,33,4.4,N,M,Caucasian / White,Non-filer,4,U,SO,202010,Curtiss,3729741
DZW0028,Fa20,27,0,27,4.2,N,M,Caucasian / White,Non-filer,2.29,U,FR,202010,Curtiss,3731590
JHL0050,Fa20,19,,19,,N,M,Caucasian / White,,,U,JR,202010,Curtiss,3750971
HKC0013,Su20,23,0,23,3.87,N,F,Caucasian / White,,,U,FR,202130,Curtiss,3781997
JWB0071,Fa20,0,1030,20,3.62,N,M,Caucasian / White,Pell ineligible filer,2.01,U,FR,202010,Curtiss,3789068
CLH0103,Su20,25,,25,,Y,M,Caucasian / White,,,U,JR,202130,Curtiss,3795296
AMG0106,Su20,25,0,25,4.01,N,F,Caucasian / White,,,U,FR,202130,Curtiss,3795747
JKD0030,Su20,21,,21,3.45,Y,F,Two or more races,,,U,SO,202130,Curtiss,3804682
JZM0094,Su20,31,0,31,4.41,N,M,Caucasian / White,,,U,FR,202130,Curtiss,3805972
RMG0041,Su20,30,0,30,3.86,,F,Caucasian / White,,,U,FR,202130,Curtiss,3809697
SMH0089,Fa20,33,0,33,4.03,Y,F,Caucasian / White,Pell eliglble filer,3.07,U,SO,202010,Curtiss,3811137
SLC0049,Su20,33,0,33,4.4,N,F,Caucasian / White,,,U,FR,202130,Curtiss,3820859
JWG0024,Fa20,26,0,26,3.82,Y,F,Caucasian / White,Pell ineligible filer,2.43,U,FR,202010,Curtiss,3824560
JTM0095,Fa20,27,,27,3.6,N,M,Caucasian / White,,,U,SR,202010,Curtiss,3829915
AJR0053,Fa20,29,0,29,3.71,N,F,Caucasian / White,Non-filer,2.52,U,FR,202010,Curtiss,3831362
EMN0017,Su20,31,0,31,4.14,N,F,Caucasian / White,,,U,FR,202130,Curtiss,3835124
AAR0036,Su20,22,0,22,4.07,Y,F,Two or more races,,,U,FR,202130,Curtiss,3843719
ANH0062,Su20,34,0,34,3.76,N,F,Caucasian / White,,,U,FR,202130,Curtiss,3845174
NFJ0003,Fa20,25,,25,4.17,N,F,Caucasian / White,Pell ineligible filer,3.12,U,FR,202010,Curtiss,3859828
JWG0033,Fa20,30,,30,4,N,M,Caucasian / White,Pell ineligible filer,2.87,U,FR,202010,Curtiss,3859887
INS0003,Fa20,31,0,31,4.55,N,F,Caucasian / White,Pell ineligible filer,3.3,U,FR,202010,Curtiss,3860431
KZP0041,Su20,26,0,26,4.31,Y,F,Hispanic,,,U,FR,202130,Curtiss,3867734
PTA0003,Fa20,35,,35,4.54,N,M,Asian,Pell ineligible filer,4,U,JR,202010,Curtiss,3873301
JTB0094,Su20,26,,26,3.71,Y,M,Caucasian / White,,,U,FR,202130,Curtiss,3875907
AMC0166,Fa20,,1250,26,4.97,N,F,Caucasian / White,Pell ineligible filer,3.96,U,FR,202010,Curtiss,3875957
KGC0029,Su20,25,0,25,4.21,N,F,Caucasian / White,,,U,FR,202130,Curtiss,3882588
ABM0054,Fa20,28,,28,,N,F,Two or more races,,,U,JR,202010,Curtiss,3890541
AZW0109,Su20,,930,17,3.38,,F,Caucasian / White,,,U,FR,202130,Curtiss,3894352
AEC0121,Fa20,31,,31,4.31,N,F,Caucasian / White,,,U,SO,202010,Curtiss,3898355
DAS0057,Fa20,30,0,30,3.88,N,M,Hispanic,,,U,FR,202010,Curtiss,3903480
KNF0020,Fa20,30,,30,4.36,Y,F,Caucasian / White,Pell eliglble filer,3.79,U,FR,202010,Curtiss,3904026
MCM0148,Fa20,29,,29,4,N,F,Caucasian / White,Pell ineligible filer,3.5,U,FR,202010,Curtiss,3904036
DRP0020,Su20,0,1310,28,4.23,N,F,Two or more races,,,U,FR,202130,Curtiss,3904608
TMK0024,Fa20,31,,31,4.46,N,F,Caucasian / White,Pell ineligible filer,3.09,U,FR,202010,Curtiss,3904910
MNB0025,Su20,33,,33,4.14,N,F,Caucasian / White,,,U,FR,202130,Curtiss,3909693
TSG0008,Su20,33,,33,4.2,N,M,Caucasian / White,,,U,FR,202130,Curtiss,3910485
AJO0019,Fa20,31,,31,4.45,Y,F,Caucasian / White,Pell ineligible filer,3.29,U,FR,202010,Curtiss,3910538
ABR0033,Fa20,34,,34,4.4,N,M,Caucasian / White,Pell ineligible filer,4,U,SO,202010,Curtiss,3911101
ICM0011,Fa20,23,,23,,Y,M,Caucasian / White,,,U,JR,202010,Curtiss,3911563
ZZW0050,Su20,,,,,,M,Non-Resident Alien,,,U,FR,202130,Curtiss,3911610
BTP0013,Su20,28,0,28,4.05,Y,M,Caucasian / White,,,U,FR,202130,Curtiss,3912262
ABR0032,Su20,30,,30,4.57,N,F,Two or more races,,,U,SO,202130,Curtiss,3912438
KMR0065,Su20,30,0,30,4.06,Y,F,Caucasian / White,,,U,FR,202130,Curtiss,3915297
BDP0041,Fa20,,,,3.71,Y,F,Caucasian / White,,,U,JR,202010,Curtiss,3915949
JZP0096,Fa20,24,0,24,3.22,N,M,Black or African American,Pell eliglble filer,2.45,U,FR,202010,Curtiss,3917603
ACA0044,Su20,,,,,,F,Hispanic,,,P,P1,202130,Curtiss,3921197
ACA0044,Su20,22,,22,,Y,F,Hispanic,,,U,JR,202130,Curtiss,3921197
DHK0005,Fa20,0,1120,22,2.88,N,M,Asian,Pell ineligible filer,1.86,U,FR,202010,Curtiss,3923789
PZX0005,Su20,,,,,,M,Non-Resident Alien,,,U,FR,202130,Curtiss,3925226
RFS0018,Su20,35,,35,4.19,Y,M,Caucasian / White,,,U,SO,202130,Curtiss,3925848
JDP0077,Su20,34,,34,4.14,Y,M,Caucasian / White,,,U,FR,202130,Curtiss,3925948
ADH0074,Fa20,33,,33,4.14,N,F,Black or African American,Pell ineligible filer,2.4,U,SO,202010,Curtiss,3926027
DEM0040,Fa20,32,,32,4.43,N,F,Caucasian / White,Pell ineligible filer,4,U,FR,202010,Curtiss,3926046
MKP0045,Fa20,32,,32,4.46,N,F,Caucasian / White,Pell ineligible filer,4,U,FR,202010,Curtiss,3926373
CMB0195,Fa20,32,,32,4.08,N,F,Caucasian / White,Pell ineligible filer,4,U,SO,202010,Curtiss,3928128
MNE0008,Fa20,29,,29,3.81,N,F,Caucasian / White,Non-filer,3.07,U,FR,202010,Curtiss,3928452
SRS0082,Fa20,31,,31,4.8,Y,F,Caucasian / White,Pell ineligible filer,4,U,FR,202010,Curtiss,3928708
ATB0052,Fa20,32,,32,4.99,N,F,Caucasian / White,Pell ineligible filer,3.79,U,FR,202010,Curtiss,3928804
WDM0027,Su20,34,,34,4.01,N,M,Caucasian / White,,,U,FR,202130,Curtiss,3929303
ANC0057,Fa20,27,0,27,3.71,N,F,Caucasian / White,Pell ineligible filer,2.71,U,FR,202010,Curtiss,3930304
MLM0132,Su20,24,0,24,3.21,N,F,Caucasian / White,,,U,FR,202130,Curtiss,3930541
LAK0027,Su20,27,0,27,3.58,N,F,Caucasian / White,,,U,FR,202130,Curtiss,3931343
IML0006,Fa20,23,0,23,3.81,N,F,Caucasian / White,Non-filer,3.43,U,FR,202010,Curtiss,3932060
MZB0112,Su20,25,0,25,3.66,N,F,Caucasian / White,,,U,FR,202130,Curtiss,3932493
TBT0009,Fa20,0,1290,27,3.86,N,M,Caucasian / White,Non-filer,3,U,FR,202010,Curtiss,3932733
SEJ0033,Fa20,,1180,24,2.74,,F,Black or African American,Pell ineligible filer,2.16,U,SO,202010,Curtiss,3933696
AEJ0035,Su20,26,0,26,4.37,N,F,Caucasian / White,,,U,FR,202130,Curtiss,3934565
AAP0049,Su20,32,,32,4.57,N,F,Caucasian / White,,,U,FR,202130,Curtiss,3934831
MAK0076,Fa20,30,,30,4.35,N,M,Caucasian / White,Non-filer,3.38,U,FR,202010,Curtiss,3934972
MAW0110,Su20,33,,33,4.55,N,M,Caucasian / White,,,U,FR,202130,Curtiss,3935950
MJK0045,Su20,0,830,15,2.16,,F,Non-Resident Alien,,,U,FR,202130,Curtiss,3936385
MGW0028,Fa20,,1370,30,4,N,F,Caucasian / White,Pell ineligible filer,2.94,U,SO,202010,Curtiss,3938605
KEG0067,Fa20,0,1310,28,3.92,N,F,Caucasian / White,Pell ineligible filer,3.58,U,FR,202010,Curtiss,3939950
MLM0150,Su20,25,,25,4.07,N,F,Caucasian / White,,,U,FR,202130,Curtiss,3941636
SAH0078,Su20,28,0,28,3.75,N,F,Caucasian / White,,,U,FR,202130,Curtiss,3944343
DCR0023,Su20,33,,33,4.33,N,M,Caucasian / White,,,U,FR,202130,Curtiss,3945132
CRJ0025,Su20,28,,28,4.52,N,M,Caucasian / White,,,U,FR,202130,Curtiss,3945555
MCM0134,Su20,26,,26,4.31,N,F,Asian,,,U,FR,202130,Curtiss,3946972
KMJ0048,Fa20,,1080,21,3.33,,F,Two or more races,Pell ineligible filer,2.5,U,SO,202010,Curtiss,3949688
AZA0153,Su20,,,,,,M,Non-Resident Alien,,,U,FR,202130,Curtiss,3950803
BEP0015,Fa20,28,,28,4.16,N,F,Caucasian / White,Pell ineligible filer,3.86,U,SO,202010,Curtiss,3952767
DRW0026,Fa20,33,,33,4.19,N,M,Caucasian / White,Pell ineligible filer,3.83,U,FR,202010,Curtiss,3952791
GCH0021,Su20,26,,26,3.93,N,M,Caucasian / White,,,U,FR,202130,Curtiss,3954180
CJK0048,Fa20,35,,35,4.19,N,M,Caucasian / White,Pell eliglble filer,4,U,FR,202010,Curtiss,3954489
ACC0130,Fa20,32,,32,4.23,N,F,Caucasian / White,Pell ineligible filer,3.5,U,FR,202010,Curtiss,3954511
AKH0053,Su20,31,,31,3.56,N,F,Two or more races,,,U,FR,202130,Curtiss,3955084
SKH0050,Fa20,28,,28,4.3,N,F,Caucasian / White,Pell ineligible filer,3.57,U,FR,202010,Curtiss,3955316
EAC0082,Su20,31,,31,4.71,N,F,Two or more races,,,U,SO,202130,Curtiss,3955414
MMS0121,Fa20,33,,33,4.33,N,F,Caucasian / White,Non-filer,4,U,FR,202010,Curtiss,3956747
CGL0015,Fa20,32,,32,4.4,N,F,Caucasian / White,Non-filer,3.5,U,FR,202010,Curtiss,3959800
MAM0232,Fa20,30,,30,3.96,N,F,Hispanic,Pell ineligible filer,3.03,U,FR,202010,Curtiss,3959848
ACT0044,Su20,31,,31,4.5,N,F,Caucasian / White,,,U,FR,202130,Curtiss,3960070
GCK0012,Fa20,24,,24,4.03,N,F,Caucasian / White,Pell ineligible filer,3.71,U,FR,202010,Curtiss,3960294
JAL0085,Fa20,29,,29,4.05,N,F,Caucasian / White,Pell ineligible filer,4,U,FR,202010,Curtiss,3960309
HTS0017,Fa20,31,,31,4.45,N,M,Caucasian / White,Non-filer,4,U,SO,202010,Curtiss,3960364
WKS0008,Fa20,31,,31,4.41,N,M,Caucasian / White,Non-filer,3.79,U,FR,202010,Curtiss,3960398
ADH0069,Su20,,,,,,F,Caucasian / White,,,U,SO,202130,Curtiss,3961041
CZH0106,Fa20,,1290,27,3.5,N,M,Caucasian / White,Pell eliglble filer,3.02,U,FR,202010,Curtiss,3962354
KZA0048,Su20,,,,,,M,Non-Resident Alien,,,U,FR,202130,Curtiss,3965070
VKB0008,Fa20,31,,31,4.28,N,F,Caucasian / White,Pell ineligible filer,4,U,FR,202010,Curtiss,3970513
REC0056,Fa20,28,,28,4.31,N,F,Caucasian / White,Pell eliglble filer,2.2,U,FR,202010,Curtiss,3970532
LNP0013,Fa20,29,,29,4.25,N,F,Caucasian / White,Pell ineligible filer,3.77,U,FR,202010,Curtiss,3970695
AGS0071,Fa20,31,,31,4.16,N,F,Caucasian / White,Non-filer,3.75,U,FR,202010,Curtiss,3970750
SAT0048,Fa20,31,,31,3.96,N,M,Caucasian / White,Pell eliglble filer,3.79,U,FR,202010,Curtiss,3970760
JTH0096,Fa20,25,,25,3.73,N,M,Caucasian / White,Pell ineligible filer,3.09,U,FR,202010,Curtiss,3970863
SJW0069,Fa20,30,,30,4.42,N,F,Caucasian / White,Pell ineligible filer,3.8,U,FR,202010,Curtiss,3971449
LRW0023,Fa20,22,,22,4.23,N,F,Caucasian / White,Pell ineligible filer,3.8,U,FR,202010,Curtiss,3972956
GSM0025,Fa20,29,,29,4.12,N,M,Caucasian / White,Non-filer,3.73,U,FR,202010,Curtiss,3972971
HAP0022,Fa20,25,,25,4.03,N,M,Caucasian / White,Non-filer,1.97,U,FR,202010,Curtiss,3973035
MWD0021,Fa20,22,,22,3.6,Y,F,Caucasian / White,,,U,SO,202010,Curtiss,3974783
GMH0056,Fa20,22,,22,,Y,F,Caucasian / White,,,U,JR,202010,Curtiss,3975095
RAS0097,Fa20,28,,28,4.48,N,F,Caucasian / White,Pell ineligible filer,3.49,U,FR,202010,Curtiss,3975726
DWC0018,Fa20,29,,29,3.65,N,M,Caucasian / White,Pell eliglble filer,1.92,U,FR,202010,Curtiss,3977477
ANC0070,Fa20,30,,30,4.06,Y,F,Caucasian / White,Pell ineligible filer,2.4,U,FR,202010,Curtiss,3978553
TPB0014,Fa20,27,,27,3.84,N,M,Caucasian / White,Non-filer,2.58,U,FR,202010,Curtiss,3980664
ASH0063,Su20,25,,25,3.81,N,F,Caucasian / White,,,U,FR,202130,Curtiss,3980767
TXK0002,Fa20,29,,29,3.41,Y,M,Black or African American,Pell ineligible filer,2.08,U,FR,202010,Curtiss,3981496
DGH0020,Fa20,30,,30,4.03,N,M,Caucasian / White,Non-filer,2.93,U,FR,202010,Curtiss,3982460
JAC0151,Su20,30,,30,4.24,N,F,Hispanic,,,U,FR,202130,Curtiss,3983061
CGJ0018,Fa20,21,,21,3.57,N,F,Black or African American,Pell eliglble filer,2.38,U,FR,202010,Curtiss,3983170
ERB0062,Fa20,35,,35,4.57,N,F,Caucasian / White,Pell ineligible filer,4,U,FR,202010,Curtiss,3983507
AEB0128,Fa20,26,,26,4.09,Y,F,Caucasian / White,Pell ineligible filer,2.71,U,FR,202010,Curtiss,3983545
CMC0195,Fa20,28,,28,4.2,N,F,Caucasian / White,,,U,JR,202010,Curtiss,3983573
CED0065,Fa20,31,,31,4.41,N,F,Caucasian / White,Pell ineligible filer,3.8,U,FR,202010,Curtiss,3984048
SAB0124,Fa20,29,,29,4.36,N,F,Caucasian / White,Non-filer,3.57,U,FR,202010,Curtiss,3984072
BAH0074,Fa20,29,,29,4.19,N,M,Caucasian / White,Pell ineligible filer,3.38,U,FR,202010,Curtiss,3984559
RBJ0012,Fa20,33,,33,4.31,N,M,Caucasian / White,Pell ineligible filer,4,U,FR,202010,Curtiss,3984565
NJK0009,Fa20,27,,27,4.33,N,F,Caucasian / White,Pell eliglble filer,4,U,FR,202010,Curtiss,3985386
CEG0054,Su20,32,,32,4.43,N,F,Caucasian / White,,,U,FR,202130,Curtiss,3985866
SHP0019,Fa20,33,,33,4.21,N,M,Caucasian / White,Pell ineligible filer,4,U,SO,202010,Curtiss,3986074
SDK0015,Fa20,31,,31,4.33,N,M,Caucasian / White,Pell ineligible filer,3.08,U,FR,202010,Curtiss,3986648
LLR0008,Fa20,,1190,24,3.68,N,F,Caucasian / White,Pell ineligible filer,2.73,U,FR,202010,Curtiss,3986776
KNE0015,Su20,,1090,21,3.96,N,F,Black or African American,,,U,FR,202130,Curtiss,3990297
CVP0008,Fa20,26,,26,4.1,N,F,Caucasian / White,Non-filer,3.02,U,FR,202010,Curtiss,3990763
GMT0015,Su20,27,,27,2.83,N,M,Caucasian / White,,,U,FR,202130,Curtiss,3991359
OPF0002,Fa20,24,,24,3.41,N,F,Caucasian / White,Non-filer,2.97,U,FR,202010,Curtiss,3991547
KPS0017,Su20,,1230,26,3.79,N,F,Two or more races,,,U,FR,202130,Curtiss,3992013
WZH0033,Fa20,,,,,,M,Non-Resident Alien,Non-filer,2.73,U,FR,202010,Curtiss,3992741
NPY0001,Su20,33,,33,4.03,Y,M,Caucasian / White,,,U,FR,202130,Curtiss,3993156
TNH0020,Fa20,24,,24,4.54,N,F,Caucasian / White,Pell ineligible filer,3.59,U,FR,202010,Curtiss,3993377
WLP0007,Su20,,1330,29,3.71,N,M,Caucasian / White,,,U,FR,202130,Curtiss,3993759
KJB0059,Fa20,29,,29,4.3,N,F,Caucasian / White,Pell ineligible filer,3.79,U,FR,202010,Curtiss,3993966
LGB0029,Fa20,33,,33,4.34,N,F,Caucasian / White,Pell ineligible filer,3.57,U,FR,202010,Curtiss,3993975
CLC0133,Fa20,27,,27,4.04,N,M,Caucasian / White,Pell ineligible filer,3.8,U,FR,202010,Curtiss,3993993
KRC0066,Fa20,32,,32,4.15,N,F,Caucasian / White,Pell ineligible filer,3.63,U,FR,202010,Curtiss,3994001
ECD0037,Fa20,28,,28,4.24,N,F,Caucasian / White,Pell ineligible filer,3.67,U,FR,202010,Curtiss,3994018
MGB0048,Su20,,1430,32,4.8,N,F,Hispanic,,,U,SO,202130,Curtiss,3995002
HZP0041,Su20,26,,26,3.76,N,M,Asian,,,U,FR,202130,Curtiss,3995159
ADS0074,Fa20,31,,31,4.45,N,F,Caucasian / White,Pell ineligible filer,3.6,U,FR,202010,Curtiss,3995485
ALH0137,Fa20,32,,32,4.33,,F,Caucasian / White,,,U,JR,202010,Curtiss,3997127
TAJ0026,Fa20,30,,30,4.24,N,M,Caucasian / White,Pell ineligible filer,3.5,U,FR,202010,Curtiss,3997970
MRM0120,Su20,30,,30,3.95,N,F,Caucasian / White,,,U,FR,202130,Curtiss,3998482
KFR0006,Su20,27,,27,4.71,N,F,Caucasian / White,,,U,FR,202130,Curtiss,4000314
JSC0063,Fa20,32,,32,4.3,N,F,Caucasian / White,Pell ineligible filer,3.33,U,FR,202010,Curtiss,4000624
KHC0026,Fa20,29,,29,4.58,Y,F,Caucasian / White,Non-filer,3.5,U,FR,202010,Curtiss,4006133
MHC0035,Fa20,31,,31,4.6,N,F,Caucasian / White,Non-filer,4,U,FR,202010,Curtiss,4006136
AEG0055,Fa20,31,,31,4.6,N,F,Caucasian / White,Pell ineligible filer,3.81,U,FR,202010,Curtiss,4006215
SLO0015,Fa20,,1150,23,4.11,,F,Caucasian / White,Non-filer,3.46,U,FR,202010,Curtiss,4007187
BVB0006,Fa20,30,,30,4.17,N,F,Caucasian / White,Non-filer,3.21,U,FR,202010,Curtiss,4009675
CNF0022,Fa20,23,,23,4.29,N,F,Caucasian / White,Pell ineligible filer,2.45,U,FR,202010,Curtiss,4009775
BMM0063,Fa20,31,,31,4.09,N,F,Caucasian / White,Pell ineligible filer,3.25,U,FR,202010,Curtiss,4009922
AJW0093,Fa20,22,,22,4.12,N,F,Caucasian / White,Pell ineligible filer,3.33,U,FR,202010,Curtiss,4010083
WSP0015,Fa20,33,,33,3.8,N,M,Caucasian / White,Pell eliglble filer,2.8,U,FR,202010,Curtiss,4010142
RNS0019,Fa20,34,,34,4.56,N,F,Caucasian / White,Pell ineligible filer,4,U,JR,202010,Curtiss,4011034
EZH0040,Fa20,30,,30,4.18,N,F,Caucasian / White,Pell ineligible filer,3.75,U,FR,202010,Curtiss,4013887
BEC0035,Fa20,31,,31,4.31,N,M,Two or more races,Pell ineligible filer,4,U,FR,202010,Curtiss,4016505
MAC0161,Fa20,33,,33,4.07,N,F,Caucasian / White,Pell ineligible filer,4,U,FR,202010,Curtiss,4016512
CDC0077,Fa20,28,,28,3.95,N,M,Caucasian / White,Pell ineligible filer,3.77,U,FR,202010,Curtiss,4016513
AMK0095,Fa20,30,,30,4.24,N,F,Two or more races,Pell ineligible filer,4,U,FR,202010,Curtiss,4016670
DRT0012,Fa20,24,,24,4.07,N,F,Caucasian / White,Pell eliglble filer,3.42,U,FR,202010,Curtiss,4016831
FEL0002,Fa20,27,,27,4.24,N,F,Caucasian / White,Pell ineligible filer,3.73,U,FR,202010,Curtiss,4018597
MGM0082,Fa20,29,,29,3.72,N,F,Caucasian / White,Pell ineligible filer,3.08,U,FR,202010,Curtiss,4018633
VSP0002,Fa20,28,,28,3.97,N,F,Caucasian / White,Non-filer,3.5,U,FR,202010,Curtiss,4018702
MTR0033,Fa20,27,,27,4,N,F,Caucasian / White,Pell ineligible filer,4,U,FR,202010,Curtiss,4018734
JHH0057,Fa20,28,,28,4.17,N,M,Caucasian / White,Non-filer,3.38,U,FR,202010,Curtiss,4018980
JMH0197,Fa20,30,,30,4.05,Y,F,Asian,Pell eliglble filer,3.27,U,FR,202010,Curtiss,4023439
TKJ0009,Fa20,33,,33,3.72,N,M,Caucasian / White,Pell ineligible filer,3.6,U,SO,202010,Curtiss,4023440
ZTB0011,Fa20,,1310,28,4.75,N,M,Caucasian / White,Pell ineligible filer,3.54,U,JR,202010,Curtiss,4023489
KRM0064,Fa20,,1380,30,4.04,N,F,Caucasian / White,Non-filer,3.65,U,FR,202010,Curtiss,4024181
TJD0039,Fa20,25,,25,3.81,N,M,Caucasian / White,Pell ineligible filer,2.58,U,FR,202010,Curtiss,4024408
PAE0007,Fa20,29,,29,4.33,N,M,Hispanic,Pell ineligible filer,3.07,U,FR,202010,Curtiss,4024422
LSF0014,Fa20,31,,31,4.34,N,F,Caucasian / White,Non-filer,3.38,U,FR,202010,Curtiss,4024441
ANG0047,Fa20,31,,31,4.31,N,F,Caucasian / White,Pell ineligible filer,3.73,U,FR,202010,Curtiss,4024448
MCH0098,Fa20,24,,24,4.1,N,F,Caucasian / White,Pell eliglble filer,3.41,U,FR,202010,Curtiss,4024485
AJM0120,Fa20,34,,34,4.05,N,M,Caucasian / White,Non-filer,4,U,FR,202010,Curtiss,4024624
HER0043,Fa20,31,,31,4.06,N,F,Caucasian / White,Pell ineligible filer,3.8,U,FR,202010,Curtiss,4024755
EPS0018,Fa20,23,,23,4.15,N,F,Caucasian / White,Pell ineligible filer,3.21,U,FR,202010,Curtiss,4024816
KDW0052,Fa20,26,,26,3.05,N,F,Caucasian / White,Pell eliglble filer,2.14,U,FR,202010,Curtiss,4024941
RCS0065,Fa20,31,,31,3.78,N,M,Caucasian / White,Pell ineligible filer,2.71,U,FR,202010,Curtiss,4026305
TWK0005,Fa20,31,,31,4.28,N,M,Caucasian / White,Pell ineligible filer,4,U,FR,202010,Curtiss,4027208
LDW0025,Fa20,27,,27,4.24,N,M,Caucasian / White,Pell ineligible filer,3.69,U,FR,202010,Curtiss,4027721
MPB0034,Fa20,25,,25,3.95,N,F,Caucasian / White,Pell ineligible filer,2.79,U,FR,202010,Curtiss,4028633
BWM0022,Fa20,30,,30,4.05,N,M,Caucasian / White,Non-filer,3.73,U,FR,202010,Curtiss,4028930
MGP0033,Fa20,27,,27,4,N,F,Hispanic,Pell ineligible filer,2.93,U,FR,202010,Curtiss,4028982
WWT0005,Fa20,26,,26,3.98,N,M,Caucasian / White,Non-filer,3.5,U,FR,202010,Curtiss,4029167
CRC0106,Fa20,,1220,25,4.49,N,F,Caucasian / White,Pell ineligible filer,3.5,U,FR,202010,Curtiss,4030830
RZS0107,Fa20,29,,29,4.45,N,F,Caucasian / White,Pell ineligible filer,4,U,FR,202010,Curtiss,4031142
LAC0090,Fa20,26,,26,4.25,Y,F,Caucasian / White,Pell ineligible filer,3.33,U,FR,202010,Curtiss,4033289
JPG0040,Fa20,22,,22,4,Y,M,Two or more races,,,U,FR,202010,Curtiss,4033571
SGH0040,Fa20,29,,29,4.06,Y,F,Caucasian / White,Pell ineligible filer,3.82,U,FR,202010,Curtiss,4033757
RSL0015,Fa20,27,,27,4.01,N,M,Asian,Pell ineligible filer,3.19,U,FR,202010,Curtiss,4033871
EGL0021,Fa20,25,,25,4.52,N,F,Caucasian / White,Pell ineligible filer,3.57,U,FR,202010,Curtiss,4033877
EJM0045,Fa20,32,,32,4.4,N,M,Caucasian / White,Pell ineligible filer,4,U,SO,202010,Curtiss,4034090
ILH0002,Fa20,31,,31,4.06,N,M,Caucasian / White,Pell ineligible filer,3.56,U,FR,202010,Curtiss,4034795
MRW0077,Fa20,25,,25,4.13,N,F,Caucasian / White,Pell ineligible filer,3.07,U,FR,202010,Curtiss,4037069
KBB0042,Fa20,27,,27,4.41,Y,F,Caucasian / White,Pell ineligible filer,3.6,U,FR,202010,Curtiss,4037473
HLB0036,Fa20,24,,24,4.03,N,F,Caucasian / White,Pell ineligible filer,3.57,U,FR,202010,Curtiss,4037502
SPK0017,Fa20,30,,30,4.31,N,F,Caucasian / White,Pell ineligible filer,4,U,FR,202010,Curtiss,4038098
ELK0025,Fa20,25,,25,3.96,N,F,Caucasian / White,Non-filer,3.57,U,FR,202010,Curtiss,4038113
SML0063,Fa20,35,,35,4.34,N,F,Two or more races,Pell ineligible filer,4,U,SO,202010,Curtiss,4038140
MNP0022,Fa20,29,,29,4.01,Y,F,Two or more races,Pell eliglble filer,2.91,U,FR,202010,Curtiss,4038397
JTR0047,Fa20,27,,27,3.68,Y,F,Caucasian / White,Pell ineligible filer,2.33,U,FR,202010,Curtiss,4038471
KMC0130,Fa20,30,,30,4.01,N,F,Caucasian / White,Pell eliglble filer,3.8,U,FR,202010,Curtiss,4039471
CGG0031,Fa20,25,,25,3.82,N,M,Caucasian / White,Pell ineligible filer,3.53,U,FR,202010,Curtiss,4040330
BGW0012,Fa20,,1400,31,3.78,N,F,Caucasian / White,Non-filer,4,U,FR,202010,Curtiss,4040566
THD0012,Fa20,23,,23,3.31,Y,F,Asian,Non-filer,2.7,U,FR,202010,Curtiss,4041499
JAG0117,Fa20,25,,25,4.37,N,F,Hispanic,Pell ineligible filer,3.8,U,FR,202010,Curtiss,4041570
BOM0005,Fa20,32,,32,3.76,N,F,Caucasian / White,Non-filer,3.17,U,FR,202010,Curtiss,4041783
LAS0111,Fa20,31,,31,4.06,N,F,Caucasian / White,Pell ineligible filer,3.27,U,FR,202010,Curtiss,4042045
HAT0020,Fa20,34,,34,4.11,N,F,Caucasian / White,Pell ineligible filer,3.71,U,FR,202010,Curtiss,4042054
VZL0008,Fa20,29,,29,4.15,N,M,Asian,Pell eliglble filer,3.71,U,FR,202010,Curtiss,4042299
KSP0025,Fa20,31,,31,4.04,N,F,Caucasian / White,Pell ineligible filer,4,U,FR,202010,Curtiss,4042396
WGA0007,Fa20,30,,30,4,N,M,Caucasian / White,Pell ineligible filer,4,U,FR,202010,Curtiss,4043123
LCH0053,Fa20,27,,27,4.08,N,F,Two or more races,Pell ineligible filer,3.54,U,FR,202010,Curtiss,4043361
KSW0029,Fa20,35,,35,4.99,Y,F,Caucasian / White,Pell ineligible filer,4,U,SO,202010,Curtiss,4043717
JMG0119,Fa20,28,,28,4.17,N,M,Caucasian / White,Pell ineligible filer,3.18,U,FR,202010,Curtiss,4044226
EGA0010,Fa20,33,,33,4.4,N,F,Caucasian / White,Non-filer,4,U,FR,202010,Curtiss,4045201
JEB0119,Fa20,30,,30,3.98,N,F,Caucasian / White,Non-filer,3.09,U,FR,202010,Curtiss,4046105
MEH0137,Fa20,28,,28,4.27,N,F,Caucasian / White,Non-filer,3.57,U,FR,202010,Curtiss,4046231
NAS0063,Fa20,,1180,24,4.04,N,F,Caucasian / White,Non-filer,4,U,FR,202010,Curtiss,4047734
MEH0134,Fa20,32,,32,4.31,N,F,Caucasian / White,Pell ineligible filer,4,U,FR,202010,Curtiss,4048923
BAN0019,Fa20,,1300,28,4.03,N,F,Caucasian / White,Pell ineligible filer,3.73,U,FR,202010,Curtiss,4049618
DWP0019,Fa20,,1310,28,4.86,N,M,Caucasian / White,Non-filer,2.6,U,FR,202010,Curtiss,4049877
HZN0021,Fa20,,,,,,F,Non-Resident Alien,Non-filer,3.24,U,FR,202010,Curtiss,4050421
AEC0098,Fa20,29,,29,4.55,N,F,Caucasian / White,Pell ineligible filer,3.36,U,FR,202010,Curtiss,4050781
MIW0005,Fa20,27,,27,3.75,N,F,Caucasian / White,Pell ineligible filer,3.29,U,FR,202010,Curtiss,4052310
JML0104,Su20,,,,,,F,Caucasian / White,,,P,P1,202130,Curtiss,4052584
JML0104,Su20,,,,,Y,F,Caucasian / White,,,U,SR,202130,Curtiss,4052584
MRK0057,Fa20,31,,31,4.35,N,F,Caucasian / White,Pell ineligible filer,3.79,U,FR,202010,Curtiss,4052948
SGW0033,Fa20,30,,30,4.06,N,F,Caucasian / White,Pell ineligible filer,3.53,U,FR,202010,Curtiss,4053221
AKL0049,Fa20,29,,29,4.08,N,M,Caucasian / White,Non-filer,3.57,U,FR,202010,Curtiss,4053835
HMB0066,Fa20,,1170,24,4.03,N,F,Caucasian / White,Pell ineligible filer,3.79,U,FR,202010,Curtiss,4053999
ASK0051,Fa20,31,,31,4.19,Y,M,Two or more races,Pell ineligible filer,4,U,SO,202010,Curtiss,4054083
LTG0012,Fa20,34,,34,4.36,N,M,Caucasian / White,Non-filer,4,U,SO,202010,Curtiss,4054751
EJZ0003,Fa20,33,,33,4.56,N,M,Asian,Pell ineligible filer,4,U,FR,202010,Curtiss,4055903
NCY0002,Fa20,28,,28,3.88,N,M,Caucasian / White,Non-filer,4,U,FR,202010,Curtiss,4055904
ETS0021,Fa20,33,,33,4.54,N,M,Caucasian / White,Pell ineligible filer,3.5,U,FR,202010,Curtiss,4056693
NAJ0018,Fa20,34,,34,4.42,N,F,Caucasian / White,Non-filer,4,U,FR,202010,Curtiss,4056979
MEM0244,Fa20,29,,29,3.97,N,F,Caucasian / White,Pell ineligible filer,2.86,U,FR,202010,Curtiss,4057007
RMB0072,Fa20,,1230,26,3.85,N,F,Caucasian / White,Pell ineligible filer,2.31,U,FR,202010,Curtiss,4057376
KBH0045,Fa20,,1210,25,3.83,N,F,Caucasian / White,Pell ineligible filer,2.88,U,FR,202010,Curtiss,4058183
JKB0055,Fa20,30,,30,3.95,N,M,Hispanic,Pell ineligible filer,3.79,U,FR,202010,Curtiss,4059133
EBJ0011,Su20,34,,34,4.56,,F,Caucasian / White,,,U,FR,202130,Curtiss,4059179
EAS0100,Fa20,,1200,25,3.71,N,F,Caucasian / White,Pell ineligible filer,3.6,U,FR,202010,Curtiss,4059863
LGT0008,Fa20,32,,32,4.35,N,F,Caucasian / White,Non-filer,4,U,FR,202010,Curtiss,4059868
ART0043,Fa20,27,,27,4.14,N,F,Caucasian / White,Non-filer,3.5,U,FR,202010,Curtiss,4059870
MCT0060,Fa20,,1170,24,4.05,N,F,Caucasian / White,,,U,FR,202010,Curtiss,4060181
WHR0008,Fa20,32,,32,3.53,N,M,Caucasian / White,Pell ineligible filer,2.33,U,FR,202010,Curtiss,4060360
DMD0042,Fa20,24,,24,3.99,N,F,Hispanic,Pell ineligible filer,3,U,FR,202010,Curtiss,4061314
AAT0038,Fa20,26,,26,4.05,N,F,Caucasian / White,Pell eliglble filer,3.07,U,FR,202010,Curtiss,4061986
ALN0030,Fa20,26,,26,4.27,N,M,Caucasian / White,Pell ineligible filer,3.5,U,FR,202010,Curtiss,4062619
ARK0048,Fa20,,1370,30,3.88,N,F,Caucasian / White,Pell ineligible filer,3.45,U,FR,202010,Curtiss,4063498
KJS0049,Fa20,26,,26,3.5,N,M,Caucasian / White,Pell ineligible filer,3.79,U,FR,202010,Curtiss,4063719
CML0082,Fa20,30,,30,4.3,N,F,Asian,Pell ineligible filer,3.63,U,FR,202010,Curtiss,4063765
CZX0017,Fa20,,,,,,M,Non-Resident Alien,Non-filer,1.68,U,FR,202010,Curtiss,4064357
LRT0015,Fa20,28,,28,4.48,N,F,Caucasian / White,Pell ineligible filer,3.7,U,FR,202010,Curtiss,4064601
DEL0019,Fa20,29,,29,4.17,N,F,Caucasian / White,Pell ineligible filer,3.57,U,FR,202010,Curtiss,4064954
MKH0061,Fa20,26,,26,4.22,N,F,Caucasian / White,Pell ineligible filer,2.93,U,FR,202010,Curtiss,4065383
CPM0050,Fa20,30,,30,3.73,N,F,Caucasian / White,Non-filer,2,U,FR,202010,Curtiss,4065927
IMP0006,Fa20,29,,29,4.15,N,F,Caucasian / White,Pell ineligible filer,3.57,U,FR,202010,Curtiss,4065981
JKD0031,Fa20,23,,23,3.53,N,F,Black or African American,Pell ineligible filer,3.6,U,FR,202010,Curtiss,4067729
SEK0047,Fa20,,1340,29,4.45,N,F,Caucasian / White,Pell ineligible filer,4,U,FR,202010,Curtiss,4068039
SRL0031,Fa20,31,,31,3.79,N,F,Caucasian / White,Non-filer,2.57,U,FR,202010,Curtiss,4068466
CTC0061,Fa20,27,,27,3.92,N,M,Caucasian / White,Non-filer,4,U,FR,202010,Curtiss,4068840
LAW0073,Fa20,,1160,24,3.84,N,F,Two or more races,Pell ineligible filer,3.13,U,FR,202010,Curtiss,4068879
ZEC0004,Fa20,,1260,27,3.92,N,M,Caucasian / White,Non-filer,3.57,U,FR,202010,Curtiss,4069170
JWP0046,Fa20,24,,24,3.75,N,M,Caucasian / White,Non-filer,3.79,U,FR,202010,Curtiss,4070728
MNM0064,Fa20,27,,27,4.27,N,F,Caucasian / White,Pell ineligible filer,3,U,FR,202010,Curtiss,4072441
JDB0162,Fa20,28,,28,4,Y,M,Caucasian / White,Pell eliglble filer,2.62,U,FR,202010,Curtiss,4075699
BMM0070,Fa20,24,,24,4.03,N,M,Caucasian / White,Pell ineligible filer,4,U,FR,202010,Curtiss,4079950
BGM0020,Fa20,25,,25,4.03,N,M,Caucasian / White,Pell ineligible filer,3.5,U,FR,202010,Curtiss,4080379
TBD0020,Fa20,26,,26,3.84,,M,Non-Resident Alien,Non-filer,3.07,U,FR,202010,Curtiss,4081663
KMQ0006,Fa20,,,,,Y,F,Hispanic,Pell ineligible filer,2,U,JR,202010,Curtiss,4082762
JKB0058,Fa20,,1240,26,3.85,N,F,Black or African American,Pell eliglble filer,3,U,FR,202010,Curtiss,4082771
KZL0075,Fa20,26,,26,3.93,N,F,Caucasian / White,Non-filer,2.79,U,FR,202010,Curtiss,4083392
DAG0040,Fa20,29,,29,3.88,N,F,Caucasian / White,Non-filer,3.54,U,FR,202010,Curtiss,4085948
IMH0007,Fa20,,1140,23,3.22,Y,F,Caucasian / White,Non-filer,2.64,U,FR,202010,Curtiss,4088408
KMR0080,Su20,,,,,,F,Caucasian / White,,,U,SR,202130,Curtiss,4104965
NAC0031,Fa20,28,,28,3.48,N,M,Two or more races,Pell ineligible filer,2.27,U,FR,202010,Curtiss,4109267
MGS0074,Fa20,,,,,Y,M,Caucasian / White,,,U,JR,202010,Curtiss,4109700
BFM0010,Fa20,,,,,Y,F,Caucasian / White,,,U,JR,202010,Curtiss,4117690
AFP0025,Fa20,,,,,,F,Caucasian / White,,,U,SR,202010,Curtiss,4121140
NZB0052,Su20,,,,,,F,Native Hawaiian or Pacific Islander,,,U,FR,202130,Curtiss,4137968
CMM0216,Fa20,,,,,,M,Caucasian / White,,,G,PHD,202010,Curtiss,4152437
AEB0158,Fa20,27,,27,,,F,Caucasian / White,,,U,JR,202010,Curtiss,4155399
HWF0006,Su20,,,,,,M,Caucasian / White,,,U,FR,202130,Curtiss,4167818
